"charger_station","location","approx_coordinates","objectid"
"Västerås Sjöhagsvägen | GITO","Sjöhagsvägen 17, 72132 Västerås","59°35'26.6""N 16°30'58.6""E","29"
"Creek Power - Norsborg","Kumla gårdsväg 3, 14563 Norsborg","59°13'40.5""N 17°50'6.6""E","521"
"Nässjö Terminalgatan | GITO","Terminalgatan 7, 57134 Nässjö","57°40'40.1""N 14°41'20.2""E","6"
"Dingle Charge 500kW","Kallkärrsvägen 21, 45561 Dingle","58°32'0.3""N 11°34'9.3""E","653"
"Vara Fordonsgatan | GITO","Fordonsgatan 13, 53450 Vara","58°15'31.5""N 12°58'47.3""E","18"
"Vårgårda Emtunga Transport | GITO","Länsväg 181, 44791 Vårgårda","58°3'1.2""N 12°50'50.9""E","15"
"Melleruds Handel | GITO","Hantverkargatan 3, 46434 Mellerud","58°42'11.8""N 12°26'56.4""E","21"
"Norrköping Einride Station","Blygatan 25, 60223 Norrköping","58°36'50.9""N 16°9'58.3""E","446"
"Qstar Hova Elladdning","Örebrovägen 4, 54832 Hova","58°51'39.3""N 14°13'2.8""E","22"
"Scania Sverige Jordbro","Silovägen 14, 13650 Jordbro","59°9'16.5""N 18°6'37.0""E","659"
"Valdemarsvik Mossebogatan | GITO","Mossebogatan, 61595 Valdemarsvik","58°13'22.4""N 16°33'16.5""E","17"
"Circle K Borås Viared Trucks","VIARED, 50180 Borås","57°41'56.3""N 12°49'13.8""E","104"
"Preem Örebro Berglunda Truck","Berglundavägen 20, 70236 Örebro","59°14'8.7""N 15°8'8.3""E","656"
"Lundbygatan 11","Lundbygatan 11, 62141 Visby","57°38'24.0""N 18°20'11.2""E","5"
"Circle K Truck Örebro Berglunda","Berglundavägen 3, 70227 Örebro","59°14'16.7""N 15°7'20.6""E","655"
"Recharge Vansbro HDV","Älvgatan 5, 78633 Vansbro","60°30'29.8""N 14°13'53.3""E","360"
"Sala Evelunds rastplats | GITO","Trefoten 130, 73394 Sala","59°53'20.7""N 16°33'51.7""E","357"
"Sundsvall - Bergsgatan 120","Bergsgatan 120, 85350 Sundsvall","62°23'44.1""N 17°15'27.0""E","83"
"kWatt Tärendö","Tärendö, 98493 Tärendö","67°9'31.9""N 22°38'27.1""E","552"
"kWatt Piteå Lastbil U+0026amp; personbil","Kolugnsvägen 29, 94138 Piteå","65°19'4.0""N 21°26'32.2""E","142"
"kWatt Lastbil Haparanda","Norra Esplanaden 6, 95331 Haparanda","65°50'22.5""N 24°7'59.5""E","56"
"kWatt Boden Tung","Kaptensgatan 2, 96136 Boden","65°49'28.2""N 21°40'6.7""E","55"
"kWatt Älvsbyn","Betonggatan 3, 94236 Älvsbyn","65°40'55.6""N 20°58'21.6""E","222"
"kWatt Tärnaby","Industrivägen 2, 92531 Tärnaby","65°42'34.8""N 15°15'4.6""E","551"
"kWatt Bureå Lastbil U+0026amp; Personbil","Sinusgatan 2, 93251 Bureå","64°36'50.7""N 21°11'6.5""E","48"
"kWatt Umeå Lastbil U+0026amp; Personbil","Plattvägen 1, 90622 Umeå","63°51'7.1""N 20°21'10.1""E","40"
"Moskosel Tung 1","Storstugvägen 11, 93390 Moskosel","65°52'26.9""N 19°27'18.5""E","59"
"kWatt Byske Lastbil U+0026amp; Personbil","Maskingatan 7, 93452 Byske","64°56'54.5""N 21°11'28.9""E","49"
"CHARGE TO MOVE SVERIGE AB - Härnösand","Saltviksvägen 14, 87154 Härnösand","62°39'1.9""N 17°53'42.1""E","563"
"Scania Sverige Arendal","Synnerödsvägen 12, 41878 Göteborg","57°42'15.4""N 11°49'24.3""E","654"
"Scania Sverige Enköping","Varggatan 31, 74940 Enköping","59°38'25.1""N 17°8'46.2""E","664"
"Qstar Midlanda Elladdning","Lövuddsvägen, 86141 Sörberge","62°31'9.3""N 17°26'16.9""E","36"
"Circle K Värnamo En3","Högalund 2, 33144 Värnamo","57°9'52.3""N 14°4'36.6""E","98"
"CHARGE TO MOVE SVERIGE AB - Vimmerby","Nosshult 103, 59893 Vimmerby","57°39'54.8""N 15°53'45.8""E","517"
"Scania Uppsala","Gnistagatan, 75454 Uppsala","59°50'41.9""N 17°43'37.4""E","30"
"kWatt Luleå Lastbil","Handelsvägen 13, 97345 Luleå","65°37'29.7""N 22°2'21.2""E","54"
"Revirvägen 18","Revirvägen 18, 69530 Laxå","58°59'0.0""N 14°37'38.6""E","119"
"Örjasvägen 16","Örjasvägen 16, 79236 Mora","60°59'11.7""N 14°31'29.9""E","229"
"Laddbolaget Skoghall","Södra killingvägen 10, 66334 Skoghall","59°19'49.8""N 13°27'27.7""E","522"
"Laddbolaget Arvika","Fallebergsvägen 2, 67134 Arvika","59°39'23.5""N 12°38'32.4""E","449"
"DalaFrakt Charging","Limhagsvägen 4, 79332 Leksand","60°44'41.1""N 15°0'2.8""E","643"
"Laddbolaget Kristinehamn","Varnumsleden 21, 68191 Kristinehamn","59°17'58.6""N 14°8'0.8""E","447"
"Laddbolaget Årjäng","Forsbackegatan 1, 67231 Årjäng","59°23'53.8""N 12°7'41.1""E","273"
"Laddbolaget Åmål","Hovslagaregatan 2, 66234 Åmål","59°2'46.1""N 12°41'29.7""E","271"
"Laddbolaget Filipstad","Åsenleden 10, 68234 Filipstad","59°42'59.6""N 14°11'1.0""E","450"
"Laddbolaget Charlottenberg","Hökedalsvägen 1, 67392 Charlottenberg","59°52'16.6""N 12°17'28.0""E","558"
"Laddbolaget Örebro","Pilängsgatan 15, 70227 Örebro","59°14'38.2""N 15°6'12.3""E","272"
"Laddbolaget Bråtebäcken","Bråtebäcken 321, 65639 Karlstad","59°24'30.5""N 13°37'31.8""E","520"
"Katrineholm Uppsalavägen | GITO","Uppsalavägen 13, 64149 Katrineholm","59°0'24.9""N 16°14'16.5""E","23"
"Göteborg Exportgatan | GITO","Exportgatan 71, 42246 Hisings Backa","57°44'39.2""N 11°59'43.2""E","11"
"Halmstad Transportvägen | GITO","Transportvägen, 30592 Holm","56°42'49.5""N 12°53'19.4""E","95"
"Västerås Stop128 | GITO","Speditörsgatan 1, 72476 Västerås","59°35'48.7""N 16°26'7.3""E","531"
"Göteborgs Hamn | GITO","Ytterhamnsvägen 1, 41878 Göteborg","57°42'7.2""N 11°51'32.2""E","7"
"Köping Volvo | GITO","Betagatan 2, 73154 Köping","59°29'59.9""N 15°58'54.9""E","27"
"Skövde Norra Ryd | GITO","Rydsdalsvägen 4, 54965 Skövde","58°26'22.2""N 13°51'45.2""E","19"
"Åsbäcksvägen 5","Åsbäcksvägen 5, 66434 Grums","59°21'51.7""N 13°8'29.2""E","24"
"Nyponvägen 3","Nyponvägen 3, 34132 Ljungby","56°48'33.9""N 13°54'20.9""E","553"
"Ulvarydsvägen","Ulvarydsvägen, 28535 Markaryd","56°26'49.2""N 13°36'44.2""E","554"
"Vattenfall - Borgavägen 8","Vattenfall - Borgavägen 8, 91704 Borgafjäll","64°49'59.9""N 15°1'27.6""E","645"
"Gislaveds Energipark  DC","Stegvägen 3, 33292 Gislaved","57°17'19.6""N 13°35'38.5""E","99"
"LoadIT","Färilavägen 1, 82794 Ljusdal","61°49'14.1""N 16°3'33.9""E","136"
"Borås Einride Station","Ryssnäsgatan 12, 50464 Borås","57°41'24.8""N 12°49'33.9""E","224"
"Viringe","Stridslyckegatan 4, 59535 Mjölby","58°19'21.4""N 15°5'32.5""E","293"
"E00407 E00431  Falutorget","Falutorget, 41104 Göteborg","57°43'3.3""N 11°58'52.6""E","8"
"Lovartsgatan","Lovartsgatan 3, 65460 Karlstad","59°22'36.2""N 13°33'40.7""E","559"
"Skellefteå Kraft Truckstop Skelleftehamn","Näsuddsvägen, 93232 Skelleftehamn","64°41'5.8""N 21°14'18.0""E","566"
"Ekgatan 1","Ekgatan 1, 45337 Lysekil","58°16'55.1""N 11°27'44.2""E","573"
"Motorhalland Halmstad CCS","Bäckagårdsvägen 121, 30241 Halmstad","56°40'21.6""N 12°47'38.2""E","3"
"Be-Ge Lastbilar","Södra Fabriksgatan 12, 57230 Oskarshamn","57°15'22.1""N 16°26'1.6""E","652"
"Stockarydsterminalen 1.1","Terminalvägen 7, 57494 Vetlanda","57°18'52.5""N 14°34'38.5""E","443"
"Lecab | Lastbilar","Välsviksleden 210, 65639 Karlstad","59°23'32.6""N 13°34'11.5""E","26"
"Varberg Einride Station","Gunnestorpsvägen, 43248 Varberg","57°10'4.9""N 12°16'27.9""E","463"
"Börjessons Lastbilar AB Kristianstad","Optovägen 3, 29162 Kristianstad","56°0'12.2""N 14°6'30.5""E","666"
"Jula Falköping Terminal DC","Energigatan 4, 52136 Falköping","58°11'6.3""N 13°34'22.1""E","16"
"OKQ8 Truck Värnamo Bredastensvägen 3","Bredastensvägen 3, 33144 Värnamo","57°9'39.0""N 14°4'34.6""E","442"
"OKQ8 Truck Ödeshög Liljekonvaljvägen 3","Liljekonvaljvägen 3, 59931 Ödeshög","58°13'33.5""N 14°40'11.5""E","340"
"OKQ8 Truck Jönköping Kraftgatan 13","Kraftgatan 13, 55303 Jönköping","57°44'48.4""N 14°9'43.1""E","339"
"OKQ8 Truck Skellefteå Nöppelbergsvägen 1","Nöppelbergsvägen 1, 93176 Skellefteå","64°45'46.2""N 21°0'3.5""E","368"
"OKQ8 Truck Örebro Berglundavägen 3a","Berglundavägen 3a, 70227 Örebro","59°14'16.3""N 15°7'27.3""E","350"
"OKQ8 Truck Mora Tallvägen 8","Tallvägen 8, 79252 Mora","61°1'16.1""N 14°35'29.7""E","361"
"OKQ8 Truck Torsby Toria-Center","Toria-Center, 68523 Torsby","60°7'52.6""N 12°59'35.0""E","358"
"OKQ8 Truck Luleå Krossvägen 3","Krossvägen 3, 97345 Luleå","65°36'20.8""N 22°2'49.5""E","370"
"OKQ8 Truck Halmstad","Laholmsvägen 206, 30260 Halmstad","56°39'19.6""N 12°53'58.7""E","334"
"OKQ8 Truck Sollentuna Knistavägen 3","Knistavägen 3, 19162 Sollentuna","59°25'58.4""N 17°55'40.0""E","353"
"OKQ8 Truck Skellefteå Tjärnvägen 7","Tjärnvägen 7, 93161 Skellefteå","64°43'52.2""N 20°58'10.7""E","367"
"OKQ8 Truck Borlänge Smedjebacksvägen 3","Smedjebacksvägen 3, 78463 Borlänge","60°26'47.1""N 15°29'12.9""E","359"
"OKQ8 Truck Uppsala Bolandsgatan 8B","Bolandsgatan 8B, 75323 Uppsala","59°51'16.6""N 17°40'30.9""E","356"
"OKQ8 Truck Växjö Torsten Ullmans väg 4","Torsten Ullmans väg 4,, 35250 Växjö","56°54'40.9""N 14°43'31.4""E","336"
"OKQ8 Truck Norrtälje Görlavägen 1","Görlavägen 1, 76141 Norrtälje","59°44'21.4""N 18°41'24.3""E","355"
"OKQ8 Truck Lidköping Björkhagsgatan","Björkhagsgatan 5, 53140 Lidköping","58°29'30.5""N 13°11'28.6""E","344"
"OKQ8 Truck Norrköping Skärblackavägen 4","Skärblackavägen 4, 60597 Norrköping","58°34'6.8""N 16°4'46.8""E","346"
"OKQ8 Truck Västerås Omformargatan 1","Omformargatan 1, 72137 Västerås","59°38'51.0""N 16°34'3.8""E","354"
"OKQ8 Truck Malmö Ljusterögatan 8","Ljusterögatan 8, 21124 Malmö","55°37'40.5""N 13°1'43.8""E","330"
"OKQ8 Truck Jordbro Haninge","Dåntorpsvägen 7, 13650 Jordbro","59°8'45.1""N 18°7'12.7""E","349"
"OKQ8 Truck Skövde","Södra Aspelundsvägen 9, 54134 Skövde","58°22'56.8""N 13°52'48.1""E","342"
"OKQ8 Truck Örnsköldsvik","Hästmarksvägen 22, 89138 Örnsköldsvik","63°18'9.8""N 18°45'6.7""E","366"
"OKQ8 Truck Umeå Mineralvägen","Mineralvägen, 90750 Umeå","63°48'40.6""N 20°19'39.7""E","451"
"OKQ8 Truck Borås Prognosgatan 5","Prognosgatan 5, 50464 Borås","57°41'14.7""N 12°48'24.4""E","338"
"Vattenfall - Lastbil - Västerängsvägen 22","Vattenfall - Lastbil - Västerängsvägen 22, 54235 Mariestad","58°41'5.3""N 13°50'26.0""E","574"
"Vattenfall - Lastbil - Iduns väg 102","Vattenfall - Lastbil - Iduns väg 102, 75460 Uppsala","59°53'16.9""N 17°39'54.0""E","31"
"OKQ8 Truck Linköping Kylarevägen 1","Kylarevägen 1, 58723 Linköping","58°23'58.4""N 15°39'12.7""E","343"
"OKQ8 Truck Vänersborg","Stampgatan 14, 46273 Vänersborg","58°20'20.9""N 12°14'28.9""E","341"
"OKQ8 Truck Tvååker Himle","Spannarp 30, 43277 Tvååker","57°3'44.5""N 12°21'6.9""E","337"
"OKQ8 Ulricehamn Strängsered","Strängsered, 52391 Ulricehamn","57°46'47.7""N 13°39'44.5""E","269"
"OKQ8 Vilhelmina Volgsjövägen 58","Volgsjövägen 58, 91232 Vilhelmina","64°37'19.2""N 16°39'56.9""E","649"
"von Utfallsgatan 29","von Utfallsgatan 29, 41505 Göteborg","57°43'56.6""N 12°3'10.6""E","9"
"Bönekullavägen 14","Bönekullevägen 14, 41746 Göteborg","57°46'13.7""N 11°53'35.7""E","13"
"Rifil Perstorp","Verkstadsgatan 3B, 28434 Perstorp","56°8'1.8""N 13°23'17.0""E","2"
"Nordemans Bil Lycksele","Umevägen 5, 92145 Lycksele","64°35'20.4""N 18°41'35.7""E","45"
"Gävle Hamn - Tunga fordon","Fraktvägen 3, 80647 Gävle","60°41'56.1""N 17°12'12.8""E","35"
"Forsbacka - Laddare tunga fordon","Stentorpsvägen, 81841 Forsbacka","60°37'45.4""N 16°53'16.0""E","33"
"Västerslätt - Umeå Energi","Godsvägen 12, 90132 Umeå","63°51'19.4""N 20°12'58.7""E","86"
"Rifil Helsingborg","Trintegatan 3, 25368 Helsingborg","56°1'15.0""N 12°45'59.6""E","577"
"OKQ8 Truck Hisings Backa Importgatan 22","Importgatan 22, 42246 Hisings Backa","57°45'12.7""N 11°59'38.9""E","565"
"Rifil Höör Lastbil","Verkstadsgatan 2B, 24332 Höör","55°56'19.0""N 13°33'17.3""E","576"
"IONITY GmbH IONITY Jävre","Jävrevägen 200, 94494 Jävrebyn","65°8'35.2""N 21°30'15.4""E","430"
"Nima Energy Munkedal","Tradenvägen 10, 45591 Munkedal","58°29'20.9""N 11°37'40.7""E","115"
"Nima Energy Kristianstad Vä","Ubbes väg 3, 29165 Kristianstad","56°0'4.7""N 14°5'54.8""E","438"
"Nima Energy Skillingaryd","Osbäcks väg 4, 56832 Skillingaryd","57°27'2.3""N 14°6'3.9""E","102"
"Rifil Hörby","Guldgatan 2, 24235 Hörby","55°51'53.7""N 13°41'31.7""E","578"
"Hedin Supercharge Linköping","Gudmundsgatan 3, 58272 Linköping","58°25'48.8""N 15°40'3.8""E","270"
"Rifil Malmö","Gullrisvägen 7, 23261 Arlöv","55°36'50.5""N 13°6'1.9""E","223"
"Grusåsvägen 3B","Grusåsvägen 3B, 59362 Västervik","57°46'10.6""N 16°35'39.9""E","12"
"Scania Sverige AB / Norrköping","Ströbogatan 32, 61634 Åby","58°38'35.3""N 16°10'25.0""E","665"
"OKQ8 Truck Gällö Hallåsen 110","Hallåsen 110, 84395 Gällö","62°55'0.6""N 15°15'17.6""E","364"
"Mjölby Burger King","Brahegatan 10, 59535 Mjölby","58°19'19.7""N 15°5'16.8""E","572"
"Alfredsson Energy","Kvicksilvergatan 4, 60223 Norrköping","58°37'18.3""N 16°10'1.8""E","116"
"Scania Sverige Hising Backa","Exportgatan 37, 42246 Hisings Backa","57°44'4.2""N 11°59'17.2""E","662"
"Scania Sverige Kallhäll","Skarprättarvägen 10, 17677 Järfälla","59°27'54.7""N 17°49'9.2""E","663"
"Scania Sverige Helsingborg","Trintegatan 6, 25368 Helsingborg","56°1'13.0""N 12°46'18.3""E","657"
"Klevshult - Åkaregatan 5","Åkaregatan 5, 56892 Skillingaryd","57°20'55.7""N 14°5'52.0""E","101"
"OKQ8 Truck Brålanda Storgatan 62","STORGATAN 62, 46461 Brålanda","58°33'34.4""N 12°21'32.4""E","345"
"Helsingborgs Hamn | GITO","Oljehamnsleden, 25225 Helsingborg","56°1'47.4""N 12°42'0.2""E","332"
"Norrköping Åby trafikplats","Cylindervägen, 61634 Åby","58°38'49.3""N 16°10'7.5""E","526"
"IONITY GmbH IONITY Kristianstad","Ringvägen 22, 29154 Kristianstad","56°1'24.1""N 14°10'25.4""E","376"
"OKQ8 Truck Båstad Lannamärkesvägen 390","Lannamärkesvägen 390, 26996 Båstad","56°23'19.7""N 12°56'12.0""E","333"
"Preem Gävle Bro Truck","Gävle brovägen 25, 80293 Gävle","60°38'54.1""N 17°7'5.8""E","580"
"Ängelholm Transportgatan | GITO","Transportgatan 4, 26271 Ängelholm","56°14'50.6""N 12°53'36.8""E","268"
"Rosersberg Einride Station","Skaft Väg, 19572 Rosersberg","59°33'48.3""N 17°53'23.6""E","252"
"Eskilstuna Einride Station","Propellervägen 7, 63506 Eskilstuna","59°21'47.2""N 16°41'14.3""E","307"
"Falkenberg, Sweden","6, Mellangårdsvägen, 31150 Falkenberg","56°55'54.7""N 12°31'7.8""E","97"
"Risträsk publik snabbladdning","Risträskberget, 92193 Lycksele","64°44'11.3""N 17°24'43.8""E","650"
"Malmö VTC | GITO","Mor Marnas väg 2, 23261 Arlöv","55°37'1.5""N 13°7'16.2""E","329"
"Cheap Charge Bromölla Skåneporten Trucks","Kristianstadsvägen 782, 29539 Bromölla","56°3'47.8""N 14°29'49.5""E","67"
"Recharge Preem Sigtuna Rosersberg E4","Norrsundavägen 202, 19570 Rosersberg","59°34'33.0""N 17°53'51.8""E","448"
"Recharge HDV Rasta Hagsta","Ockelbovägen 40, 81793 Hamrångefjärden","60°54'14.2""N 17°1'6.4""E","133"
"Recharge HDV Preem Markaryd","Ulvarydsvägen 1, 28535 Markaryd","56°26'43.7""N 13°36'13.5""E","441"
"Scania Sverige Lund","Höjebro, Malmövägen 77, 22270 Lund","55°40'56.1""N 13°11'15.3""E","658"
"Preem Ystad Hamn Truck","Bornholmsgatan 11B, 27139 Ystad","55°25'24.0""N 13°50'10.9""E","89"
"Helsingborg VTC Safe Park | GITO","Trintegatan 2, 25368 Helsingborg","56°1'9.0""N 12°45'54.2""E","375"
"Helsingborg VTC | GITO","Trintegatan 2, 25368 Helsingborg","56°1'9.6""N 12°45'57.2""E","375"
"Preem Hörnefors","Hörneå 7, 90572 Hörnefors","63°37'46.1""N 19°52'34.9""E","139"
"Hultsfred","Framtidsvägen 14, 57739 Hultsfred","57°29'57.1""N 15°50'0.0""E","560"
"Preem Ödeshög Truck","Lievägen 2, 59931 Ödeshög","58°13'56.8""N 14°40'19.3""E","579"
"Circle K Gävle Bro Trucks","Gävle Bro, 80591 Gävle","60°38'58.1""N 17°7'10.6""E","81"
"Circle K Mantorp Trucks","Uljebergsvägen 2, 59597 Mantorp","58°22'21.4""N 15°17'41.6""E","75"
"Circle K Växjö Evedal Trucks","Älgvägen 1A, 35245 Växjö","56°54'15.2""N 14°49'23.7""E","525"
"Circle K EV Truck Arvidsjaur","Storgatan 46, 93333 Arvidsjaur","65°35'15.1""N 19°11'23.9""E","52"
"Circle K Hudiksvall E4 Trucks","Utängsvägen 4, 82434 Hudiksvall","61°44'34.7""N 17°4'44.3""E","82"
"Circle K Stora Höga Spekeröd E6 Trucks","Jörlanda Berg 302, 44493 Spekeröd","58°1'29.8""N 11°50'54.0""E","436"
"Circle K Flädie Trucks","Fjellbovägen 2, 23791 Bjärred","55°43'22.8""N 13°5'15.3""E","91"
"Circle K Bollebygd Trucks","Rävlandavägen 22A, 51791 Bollebygd","57°39'46.8""N 12°32'31.2""E","71"
"Circle K Kumla Brändåsen Trucks","Brändåsen 216, 69293 Kumla","59°3'49.4""N 15°0'13.7""E","78"
"Circle K Kiruna Södra Trucks","Industrivägen 17, 98138 Kiruna","67°50'53.1""N 20°16'32.0""E","64"
"Circle K Ulricehamn Trucks","Vist Kyrkväg 1, 52337 Ulricehamn","57°48'47.7""N 13°25'9.9""E","107"
"Circle K Varberg Nord Trucks","Gunnestorpsvägen 2, 43248 Varberg","57°10'4.8""N 12°16'34.3""E","70"
"Circle K Floda Trucks","Flodamotet E 20, 44833 Floda","57°48'0.6""N 12°21'58.9""E","74"
"Circle K Docksta Trucks","Dockstavägen 51, 87396 Docksta","63°3'26.9""N 18°20'8.2""E","84"
"Circle K Helsingborg Ättekulla Trucks","Rusthållsgatan 51, 25361 Helsingborg","56°1'1.1""N 12°45'31.4""E","547"
"Circle K Norrfjärden Trucks","Håkingevägen 4, 94591 Norrfjärden","65°24'39.1""N 21°30'23.0""E","546"
"Circle K Uddevalla Hogstorp Trucks","Hogstorp 249 E6, 45195 Uddevalla","58°23'38.6""N 11°45'24.1""E","114"
"Circle K Jokkmokk Trucks","Klippgatan 18, 96232 Jokkmokk","66°36'29.8""N 19°49'40.7""E","87"
"Circle K Orsa Trucks","Lissvägen 2, 79434 Orsa","61°6'55.3""N 14°37'34.1""E","134"
"Circle K Malmö Spillepengen Trucks","Blidögatan 42, 21124 Malmö","55°37'42.0""N 13°2'48.3""E","66"
"Circle K Vädermotet Trucks","Halvorsäng 20, 41878 Göteborg","57°42'24.1""N 11°52'16.1""E","73"
"Circle K Gällivare Trucks","Parkgatan 1, 98231 Gällivare","67°8'17.8""N 20°39'34.4""E","62"
"Circle K EV Storuman Trucks","Terminalvägen 3, 92341 Stensele","65°4'28.9""N 17°7'7.1""E","140"
"Circle K Snapparp Östra Trucks","Snapparp Östra, 31291 Laholm","56°32'28.9""N 12°58'18.4""E","68"
"Circle K Arlandastad Trucks","Cederströms Slinga 21b, 19561 Arlandastad","59°36'20.8""N 17°53'49.6""E","80"
"Circle K Truck Överkalix","Västra Svartbyvägen 101, 95691 Överkalix","66°15'32.0""N 22°49'0.3""E","143"
"Circle K Ljungby Nyponvägen Trucks","Nyponvägen 3, 34132 Ljungby","56°48'45.2""N 13°54'36.9""E","69"
"Circle K Hallstahammar Trucks","Eriksbergsvägen 4, 73492 Hallstahammar","59°35'25.7""N 16°14'54.8""E","129"
"Circle K Eskilstuna Västerleden Trucks","Västerleden 38, 63347 Eskilstuna","59°23'42.5""N 16°28'3.3""E","127"
"Circle K Hova Trucks","Örebrovägen 8, 54832 Hova","58°51'42.3""N 14°13'7.7""E","77"
"Circle K Jönköping Hyltena Trucks","Hyltena 50, 55592 Jönköping","57°39'57.5""N 14°10'56.7""E","72"
"Circle K Järna Trucks","Håknäs 1, 15391 Järna","59°5'20.2""N 17°36'8.1""E","120"
"Scania Sverige Kungens Kurva","Kungens Kurvaleden 5, 14175 Kungens Kurva","59°15'42.2""N 17°54'2.2""E","661"
